name,address,rating,reviews_count,website,phone,maps_url,place_id
M.S Furniture,"Metro station, Pillar No.1103, Chikkadpalli Rd, near Saptagiri theater, RTC Cross Road, Sweta Enclave, Jawahar Nagar, Himayatnagar, Hyderabad, Telangana 500020, India",4.8,1602,http://msfurnituree.com/,086394 77605,https://maps.google.com/?cid=5560183485925349900&g_mp=Cidnb29nbGUubWFwcy5wbGFjZXMudjEuUGxhY2VzLlNlYXJjaFRleHQQAhgEIAA,ChIJLefWEICZyzsRDNqS3Gu9KU0
Anu Furniture Store – Uppal,"ARATIKAYALA RESIDENCY, 2-6-85, Bharat Nagar Colony, Beerappagadda, Uppal, Hyderabad, Telangana 500039, India",5,1178,https://www.anufurnitures.com/stores/hyderabad/uppal-store?utm_source=gmb_uppal&utm_medium=organic&utm_campaign=traffic_from_gmb_uppal,091009 13033,https://maps.google.com/?cid=16334636650648608055&g_mp=Cidnb29nbGUubWFwcy5wbGFjZXMudjEuUGxhY2VzLlNlYXJjaFRleHQQAhgEIAA,ChIJK9UINwCfyzsRN538OH1JsOI
TARUN FURNITURE NAMPALLY,"5-8-9/13,sreemanth Commercial Complex,opp Andhra Bank,, Nampally Station Road, Karimabad Cooperative Society, Abids, Hyderabad, Telangana 500001, India",4.7,3153,,081065 26600,https://maps.google.com/?cid=4521929131315828584&g_mp=Cidnb29nbGUubWFwcy5wbGFjZXMudjEuUGxhY2VzLlNlYXJjaFRleHQQAhgEIAA,ChIJRW4sYX2XyzsRaBeSM5YewT4
GM Furniture,"3-13, Hanumasai Nagar, Vijayapuri Colony, Uppal, Hyderabad, Telangana 500039, India",4.7,161,https://satishprints.com/service-provider/gm-furniture-uppal/,091824 03404,https://maps.google.com/?cid=2064228442803429444&g_mp=Cidnb29nbGUubWFwcy5wbGFjZXMudjEuUGxhY2VzLlNlYXJjaFRleHQQAhgEIAA,ChIJu5FNgEafyzsRRGCO_NScpRw
Bantia Furniture | Dilsukhnagar Store,"H no 16-11-740/A/4/1, Gaddiannaram, Dilshuknagar Landmark: pillor no -1515, Gaddiannaram, Dilsukhnagar, Hyderabad, Telangana 500060, India",4.8,1746,https://bantia.in/,079933 33356,https://maps.google.com/?cid=10129606884004872179&g_mp=Cidnb29nbGUubWFwcy5wbGFjZXMudjEuUGxhY2VzLlNlYXJjaFRleHQQAhgEIAA,ChIJGwpQDZaZyzsR8z92w8qXk4w
Royaloak Furniture Bodupal,"No 2, 8/272, beside Vishal Mega Mart, Buddha Nagar Colony, Budha Nagar, Boduppal, Hyderabad, Telangana 500092, India",4.8,1328,https://stores.royaloakindia.com/royaloak-furniture-bodupal-home-furniture-shop-boduppal-hyderabad-427267/Home?utm_source=locator&utm_medium=googleplaces,079 4276 2647,https://maps.google.com/?cid=4996996284148820355&g_mp=Cidnb29nbGUubWFwcy5wbGFjZXMudjEuUGxhY2VzLlNlYXJjaFRleHQQAhgEIAA,ChIJs7ig0OOXyzsRgymjLKXlWEU
Home Centre|Furniture Store - DSL Virtue Mall,"2nd Floor, DSL Virtue Mall, near Cricket Stadium, IDA Uppal, Gaddi annaram, Hyderabad, Telangana 500039, India",4.1,224,https://stores.homecentre.in/home-centre-furniture-store-dsl-virtue-mall-home-furniture-shop-uppal-hyderabad-244022/Home?utm_source=locator&utm_medium=googleplaces,1800 212 7500,https://maps.google.com/?cid=16389035790668046118&g_mp=Cidnb29nbGUubWFwcy5wbGFjZXMudjEuUGxhY2VzLlNlYXJjaFRleHQQAhgEIAA,ChIJxzcKcpyZyzsRJp_uATiNceM
Royaloak Furniture Nacharam,"Nacharam - Mallapur Rd, MBD Complex, HMT Nagar, Nacharam, Hyderabad, Secunderabad, Telangana 500007, India",4.9,690,https://stores.royaloakindia.com/royaloak-furniture-nacharam-home-furniture-shop-nacharam-hyderabad-428778/Home?utm_source=locator&utm_medium=googleplaces,079 4276 2674,https://maps.google.com/?cid=16445715725695671062&g_mp=Cidnb29nbGUubWFwcy5wbGFjZXMudjEuUGxhY2VzLlNlYXJjaFRleHQQAhgEIAA,ChIJ1-ns9jmZyzsRFlslw1HrOuQ
Bontrue - Premium & Luxury Furniture,"Plot No. 8-2-703/7, Sy. No. 129/23/2, Vasavi Corporate Building, 1&1A, Road No. 12, beside Century Hospital, Bhola Nagar, Banjara Hills, Hyderabad, Telangana 500028, India",4.9,1215,https://bontrue.in/pages/luxury-furniture-store-in-banjara-hills-hyderabad?utm_source=Google&utm_medium=GMB,089770 14141,https://maps.google.com/?cid=12690023424337741294&g_mp=Cidnb29nbGUubWFwcy5wbGFjZXMudjEuUGxhY2VzLlNlYXJjaFRleHQQAhgEIAA,ChIJX_ODCCCXyzsR7oUJ3xEFHLA
Anu Furniture Medipally,"P NO: 4&13, Hyderabad - Warangal Hwy, opposite Apoorva Electricals, Om Vihar Colony, MEDIPALLY, Canara Nagar, Hyderabad, Telangana 500039, India",5,1784,https://www.anufurnitures.com/stores/hyderabad/boduppal?utm_source=gmb_boduppal&utm_medium=organic&utm_campaign=traffic_from_gmb_boduppal,091009 13033,https://maps.google.com/?cid=591181813701751499&g_mp=Cidnb29nbGUubWFwcy5wbGFjZXMudjEuUGxhY2VzLlNlYXJjaFRleHQQAhgEIAA,ChIJ1d0ownCfyzsRyzJdM7pMNAg
Andhra Pradesh Furnitures,"5-8-106, Nampally Station Rd, Mahesh Nagar, Abids, Hyderabad, Telangana 500001, India",3.9,2866,http://ap.furniture/,040 2320 2221,https://maps.google.com/?cid=10815838898599050711&g_mp=Cidnb29nbGUubWFwcy5wbGFjZXMudjEuUGxhY2VzLlNlYXJjaFRleHQQAhgEIAA,ChIJ3xLbvnyXyzsR1z3ZaiyUGZY
Anu Furniture Habsiguda,"Nacharam - Mallapur Rd, s-1&s-2, HMT Nagar, Nacharam, Secunderabad, Telangana 500076, India",4.9,4457,https://www.anufurnitures.com/stores/hyderabad/habsiguda-store?utm_source=gmb_habsiguda&utm_medium=organic&utm_campaign=traffic_from_gmb_habsiguda,091009 13033,https://maps.google.com/?cid=14516287134699395977&g_mp=Cidnb29nbGUubWFwcy5wbGFjZXMudjEuUGxhY2VzLlNlYXJjaFRleHQQAhgEIAA,ChIJidW0PVyZyzsRiZtUCT02dMk
"Wooden Street- Furniture and Mattress Store in Nagole, Hyderabad","4th Floor, ACE Data Opal Building, Nagole Rd, beside Lucky Restaurant, Laxmi Nagar Colony, Alkapuri, Nagole, Hyderabad, Telangana 500068, India",4.8,1014,https://www.woodenstreet.com/furniture-store-nagole-hyderabad?utm_source=GMB_Listing&utm_medium=website_button&utm_campaign=GMB_Traffic&utm_id=Nagole_Hyderabad,093144 44747,https://maps.google.com/?cid=1894789968115464818&g_mp=Cidnb29nbGUubWFwcy5wbGFjZXMudjEuUGxhY2VzLlNlYXJjaFRleHQQAhgEIAA,ChIJs-YOoNWZyzsRcvp-3W-lSxo
Tirumala Furnitures,"Plot No 43, 44, Kukatpally, Pragathi Nagar, Kukatpally, Hyderabad, Telangana 500090, India",4.6,2099,https://www.tirumalafurnitures.in/,093330 06003,https://maps.google.com/?cid=10180257482479757769&g_mp=Cidnb29nbGUubWFwcy5wbGFjZXMudjEuUGxhY2VzLlNlYXJjaFRleHQQAhgEIAA,ChIJtwy4xvGRyzsRyek3NT6KR40
Jagini's Furniture,"11-14-522, Siris Rd, beside Bharat Petrol Pump, opposite DVM college and Krishna fireworks, Snehapuri Colony, L. B. Nagar, Hyderabad, Telangana 500074, India",4.7,299,,092467 36533,https://maps.google.com/?cid=10931176441539698314&g_mp=Cidnb29nbGUubWFwcy5wbGFjZXMudjEuUGxhY2VzLlNlYXJjaFRleHQQAhgEIAA,ChIJoZZu67yYyzsRip4Xxw5Xs5c
Royaloak Furniture Banjara Hills,"House No 8, No 4/B, 2/682/1, Road No. 12, beside Ratnadeep Supermarket, Fortune Enclave, Sri Ram Nagar Colony, Banjara Hills, Hyderabad, Telangana 500034, India",4.7,2385,https://stores.royaloakindia.com/royaloak-furniture-banjara-hills-home-furniture-shop-banjara-hills-hyderabad-430081/Home?utm_source=locator&utm_medium=googleplaces,079 4276 2688,https://maps.google.com/?cid=16018420569534509929&g_mp=Cidnb29nbGUubWFwcy5wbGFjZXMudjEuUGxhY2VzLlNlYXJjaFRleHQQAhgEIAA,ChIJDfeJpCmXyzsRaTPqhaPcTN4
Bantia Furniture | Boduppal Store,"7-89 NH163 P&T Colony, Kamala Nagar Colony, Buddha Nagar, National Highway, 163, P&T Colony, Kamala Nagar Colony, Buddha Nagar, Sai Residency, Boduppal, Hyderabad, Telangana 500098, India",4.7,2022,http://www.bantia.in/,079933 33356,https://maps.google.com/?cid=13464603447579989411&g_mp=Cidnb29nbGUubWFwcy5wbGFjZXMudjEuUGxhY2VzLlNlYXJjaFRleHQQAhgEIAA,ChIJuWIDdO2eyzsRo1WBPn_h27o
Modern Touch Furniture Nampally,"5-8-157 to 160, Nampally Station Rd, opposite bharat petrol pump, near Gandhi Bhavan, Red Hills, Nampally, Hyderabad, Telangana 500001, India",4.6,536,,086880 03246,https://maps.google.com/?cid=490502480212073298&g_mp=Cidnb29nbGUubWFwcy5wbGFjZXMudjEuUGxhY2VzLlNlYXJjaFRleHQQAhgEIAA,ChIJxdALnjyXyzsRUht9LmidzgY
Bantia Furniture | Hitech City Store,"Survey No. 68 and 69, Plot No 14, Silicon Valley, HITEC City, Madhapur Village, Hyderabad, Telangana 500081, India",4.5,2778,https://www.bantia.in/,040 2784 1562,https://maps.google.com/?cid=14673458780747128068&g_mp=Cidnb29nbGUubWFwcy5wbGFjZXMudjEuUGxhY2VzLlNlYXJjaFRleHQQAhgEIAA,ChIJI1B_nHSTyzsRBN3EjASZoss
Bontrue - Premium & Luxury Furniture,"2nd Floor, Sarath City Capital Mall (AMB Mall, Unit #87 to 90, Gachibowli - Miyapur Rd, Kondapur, Whitefields, Gachibowli, Hyderabad, Telangana 500084, India",4.9,2274,https://bontrue.in/pages/luxury-furniture-store-in-kondapur-hyderabad?utm_source=Google&utm_medium=GMB,099499 05281,https://maps.google.com/?cid=2221004913439457548&g_mp=Cidnb29nbGUubWFwcy5wbGFjZXMudjEuUGxhY2VzLlNlYXJjaFRleHQQAhgEIAA,ChIJ80v9UAqTyzsRDMH0jTOY0h4
"Interio by Godrej - Furniture and Mattress store in Boduppal, Hyderabad","No 1, 51/1 & 1/51/1/1, opposite Decathlon, Sai Nagar, Boduppal, Hyderabad, Telangana 500039, India",4.6,447,https://stores.interio.com/interio-by-godrej-furniture-and-mattress-store-in-boduppal-hyderabad-sb-interios-office-systems-home-furniture-shop-boduppal-hyderabad-285051/Home?utm_source=locator&utm_medium=googleplaces,091679 90146,https://maps.google.com/?cid=4682796523189175881&g_mp=Cidnb29nbGUubWFwcy5wbGFjZXMudjEuUGxhY2VzLlNlYXJjaFRleHQQAhgEIAA,ChIJZca20cWfyzsRSQYgmKCi_EA
Laxmi Ganesh Steel Furniture Works,"Shop No 2-11-122/Co, Aqua Care Water Solutions, Opposit, Hanuman Nagar, Uppal, Secunderabad, Hyderabad, Telangana 500039, India",4.8,268,https://youtube.com/@mandasridharreddy7809?si=A3J6GSvMMg2x3SDa,091607 49998,https://maps.google.com/?cid=9306079338295111494&g_mp=Cidnb29nbGUubWFwcy5wbGFjZXMudjEuUGxhY2VzLlNlYXJjaFRleHQQAhgEIAA,ChIJOdJPHzWZyzsRRq-uOtrVJYE
Srinivasa Furnitures,"Alkapuri, Nagole-LB Nagar, Main Road, beside Swagath Grand Hotel, Sai Nagar, Nagole, Hyderabad, Telangana 500068, India",4.7,334,https://www.instagram.com/srinivasafurnitures.hyd/profilecard/?igsh=OW9tam00enA1bG5p,095810 00481,https://maps.google.com/?cid=14688168282085140826&g_mp=Cidnb29nbGUubWFwcy5wbGFjZXMudjEuUGxhY2VzLlNlYXJjaFRleHQQAhgEIAA,ChIJI6_-tMmYyzsRWinYNjvb1ss
IKEA Hyderabad,"Raidurg, Serilingampally, Survey no. 83/1, Plot No: 25, 26, Part 29, Panmaqtha, Hyderabad, Telangana 500032, India",4.4,58273,https://www.ikea.com/in/en/stores/hyderabad/,1800 419 4532,https://maps.google.com/?cid=3345913685227742079&g_mp=Cidnb29nbGUubWFwcy5wbGFjZXMudjEuUGxhY2VzLlNlYXJjaFRleHQQAhgEIAA,ChIJZW8f87iTyzsRfyMe8cQSby4
Durian Furniture - Hyderabad - Banjara Hills,"Ground Floor, Laxmi Cyber Centre, 8-2-682, Road No. 12, opp. Hotel Sitara Grand, Fortune Enclave, Sri Ram Nagar Colony, Banjara Hills, Hyderabad, Telangana 500034, India",4.7,431,https://www.durian.in/store/furniture-store-in-telangana,093247 24085,https://maps.google.com/?cid=13108245302261820936&g_mp=Cidnb29nbGUubWFwcy5wbGFjZXMudjEuUGxhY2VzLlNlYXJjaFRleHQQAhgEIAA,ChIJ_fdmVYGXyzsRCK7_5abX6bU
Damro Furniture Nagole,"9, Survey, Nagole Rd, near Alkapuri X Road, Sai Nagar, Nagole, Hyderabad, Telangana 500068, India",4.2,741,https://damroindia.com/,096521 99833,https://maps.google.com/?cid=6180837710611819897&g_mp=Cidnb29nbGUubWFwcy5wbGFjZXMudjEuUGxhY2VzLlNlYXJjaFRleHQQAhgEIAA,ChIJFYx7LdCYyzsReS1beya_xlU
"The Antique Loft | Premium & Handcrafted Furniture Store in Banjara Hills, Hyderabad","PH-1, Asaf Jahi Tower, Road no 10, Banjara Hills, near Sri Krishna Jewellers, Avenue 4, Banjara Hills, Hyderabad, Telangana 500034, India",4.7,127,https://theantiqueloft.in/,090900 92828,https://maps.google.com/?cid=482791735950916194&g_mp=Cidnb29nbGUubWFwcy5wbGFjZXMudjEuUGxhY2VzLlNlYXJjaFRleHQQAhgEIAA,ChIJRQFc0zmXyzsRYjrZoYY4swY
"Wooden Street - Furniture and Mattress Store in Banjara Hills, Hyderabad","1st Floor, 8-2, 701, Road No. 12, beside Century Super Speciality Hospital, Amudi Nagar, Bhola Nagar, Banjara Hills, Hyderabad, Telangana 500034, India",4.3,577,https://www.woodenstreet.com/furniture-store-in-banjara-hills-hyederabad?utm_source=GMB_Listing&utm_medium=website_button&utm_campaign=GMB_Traffic&utm_id=Banjara_Hills_Hyderabad,093144 44747,https://maps.google.com/?cid=10732324357330968852&g_mp=Cidnb29nbGUubWFwcy5wbGFjZXMudjEuUGxhY2VzLlNlYXJjaFRleHQQAhgEIAA,ChIJweO3bhiXyzsRFCH8BCTg8JQ
Veda Furniture Mall,"Plot no 262, Mallapur Rd, near mallanna temple, above vikas talent school, Bhavani Colony, Veera Reddy Nagar, Bayanna Nagar, Boduppal, Hyderabad, Telangana 500092, India",4.7,60,,095055 98905,https://maps.google.com/?cid=16800575128354375739&g_mp=Cidnb29nbGUubWFwcy5wbGFjZXMudjEuUGxhY2VzLlNlYXJjaFRleHQQAhgEIAA,ChIJRd1i9lWfyzsRO0jT4xCiJ-k
K.P. Furniture Store,"6-2-969/E/2, Khairatabad Rd, opp. Sant Nirankari Satsang Bhavan, P & T Officers Colony, Veer Nagar, Lakdikapul, Hyderabad, Telangana 500004, India",5,110,https://www.kpsalesfurniture.com/,062812 88934,https://maps.google.com/?cid=12262164780496788669&g_mp=Cidnb29nbGUubWFwcy5wbGFjZXMudjEuUGxhY2VzLlNlYXJjaFRleHQQAhgEIAA,ChIJt7-2rkOXyzsRvRzRbub1K6o
Inhabit,"8-2-681/A/5/1, 2/3, Road No. 12, Sri Ram Nagar Colony, Banjara Hills, Hyderabad, Telangana 500028, India",4.4,246,http://www.neetakumar.com/,,https://maps.google.com/?cid=1455779662164446022&g_mp=Cidnb29nbGUubWFwcy5wbGFjZXMudjEuUGxhY2VzLlNlYXJjaFRleHQQAhgEIAA,ChIJOy8kVjuXyzsRRsuMwuP3MxQ
Baithak Furnitures - Sofa Repair Hyderabad,"H.no: 6-3-1240/10, Opp Raj bhavan road MS Maqta, Raj Nagar, Somajiguda, Hyderabad, Telangana 500082, India",5,147,https://baithakfurnitures.com/,083280 26358,https://maps.google.com/?cid=14327368742182015681&g_mp=Cidnb29nbGUubWFwcy5wbGFjZXMudjEuUGxhY2VzLlNlYXJjaFRleHQQAhgEIAA,ChIJqVWfgGiXyzsRwVLLG_YJ1cY
Kurlon Mattress Store,"Building No 6, Ground Floor, First Floor, 3-843/1, opposite Sheesh Mahal Theatre Road, Ameerpet Officers Colony, Punjagutta Officers Colony, Ameerpet, Hyderabad, Telangana 500016, India",4.9,395,https://store.kurlon.com/mattress-shop/hyderabad/Ameerpet/kurlon-mattress-store-in-Ameerpet-hyderabad--6qTSIv/home,080 3751 6542,https://maps.google.com/?cid=5063627588653451539&g_mp=Cidnb29nbGUubWFwcy5wbGFjZXMudjEuUGxhY2VzLlNlYXJjaFRleHQQAhgEIAA,ChIJtQroGj2RyzsRE4mOsHaeRUY
Sri Rupha Furniture & Furnishings -Secundebad-Hyderabad.,"Kummu Gutta, Bowenpally, Secunderabad, Telangana 500009, India",4.9,251,http://www.rupha.in/,098490 97623,https://maps.google.com/?cid=5256459383667003327&g_mp=Cidnb29nbGUubWFwcy5wbGFjZXMudjEuUGxhY2VzLlNlYXJjaFRleHQQAhgEIAA,ChIJ27YljniayzsRv4-9o_Wx8kg
Furniture shop kmr,"Hanumasai Nagar, Vijayapuri Colony, Uppal, Hyderabad, Telangana 500039, India",5,1,,099595 76083,https://maps.google.com/?cid=235820854071420161&g_mp=Cidnb29nbGUubWFwcy5wbGFjZXMudjEuUGxhY2VzLlNlYXJjaFRleHQQAhgEIAA,ChIJB1EMhHaZyzsRAWWOPdHNRQM
The Colosseum - India's Largest Luxury Home Interior Destination,"Vamsiram's Jyothi Lorven Building, plot no: 1056-C, Road No. 45 Jubilee Hills, Nandagiri Hills, Jubilee Hills, Hyderabad, Telangana 500033, India",4.8,98,https://thecolosseum.co.in/,073311 00401,https://maps.google.com/?cid=10666672945100542092&g_mp=Cidnb29nbGUubWFwcy5wbGFjZXMudjEuUGxhY2VzLlNlYXJjaFRleHQQAhgEIAA,ChIJx5OhHoiRyzsRjND8c4eiB5Q
HH Harsha Furniture,"# 4-115/1, Opp to Dmart, Main road Ramanthapur, Sai Chitra Nagar, Uppal, Hyderabad, Telangana 500013, India",4.6,32,https://www.instagram.com/hhharsha_furniture/,,https://maps.google.com/?cid=13001601952418335806&g_mp=Cidnb29nbGUubWFwcy5wbGFjZXMudjEuUGxhY2VzLlNlYXJjaFRleHQQAhgEIAA,ChIJcbu5xRaZyzsRPozrHBf4brQ
Lepakshi Furniture & Interiors,"House no 5-8-4, 5-8, 4, Station Rd, Karimabad Cooperative Society, Nampally, Hyderabad, Telangana 500001, India",4.2,247,,094942 43610,https://maps.google.com/?cid=3214200150341746603&g_mp=Cidnb29nbGUubWFwcy5wbGFjZXMudjEuUGxhY2VzLlNlYXJjaFRleHQQAhgEIAA,ChIJC025UnGXyzsRq38g1gEimyw
Ceiling Cloth Drying Hanger Uppal Hyderabad,"Gandhi statue, Road No. 2, near Uppal, C Hanuma, Sai Nagar, Uppal, Hyderabad, Telangana 500039, India",5,2,,,https://maps.google.com/?cid=18201158446370851187&g_mp=Cidnb29nbGUubWFwcy5wbGFjZXMudjEuUGxhY2VzLlNlYXJjaFRleHQQAhgEIAA,ChIJE9-BPACZyzsRcwmJUCyBl_w
Chairwale Hyderabad,"1st Floor, 11-1-296, Char khandeel Road, near Jubilee School, Darus Salam, Aghapura, Nampally, Hyderabad, Telangana 500001, India",4.8,1330,https://www.chairwale.com/,091779 40017,https://maps.google.com/?cid=17007433763703121217&g_mp=Cidnb29nbGUubWFwcy5wbGFjZXMudjEuUGxhY2VzLlNlYXJjaFRleHQQAhgEIAA,ChIJ5aIU84CXyzsRQWWCGuaKBuw
M&P Interiores,"CH22+84VIDA Uppal, IDA Uppal, Uppal, Hyderabad, Telangana 500039, India",5,15,https://www.mandpinterior.in/,088864 55592,https://maps.google.com/?cid=14854549282726830765&g_mp=Cidnb29nbGUubWFwcy5wbGFjZXMudjEuUGxhY2VzLlNlYXJjaFRleHQQAhgEIAA,ChIJE1adPACZyzsRrWJ3r971Jc4
Y.S.Furniture shop,"H, No.3-4-16/99/2/6, Sree Rama Colony, Sri Nagar Colony, Ramanthapur, Hyderabad, Telangana 500039, India",5,24,,096762 07636,https://maps.google.com/?cid=18285878016669261626&g_mp=Cidnb29nbGUubWFwcy5wbGFjZXMudjEuUGxhY2VzLlNlYXJjaFRleHQQAhgEIAA,ChIJ_7v-gWqZyzsROh-yZSx9xP0
Home Centre|Furniture Store - Kondapur,"UGF5/21 & FF5/22, 2nd Floor Survey No 39, Kondapur, Whitefields, Gachibowli, Hyderabad, Telangana 500084, India",4.1,2579,https://stores.homecentre.in/home-centre-furniture-store-kondapur-home-furniture-shop-kondapur-hyderabad-244020/Home?utm_source=locator&utm_medium=googleplaces,1800 212 7500,https://maps.google.com/?cid=12173641441686470617&g_mp=Cidnb29nbGUubWFwcy5wbGFjZXMudjEuUGxhY2VzLlNlYXJjaFRleHQQAhgEIAA,ChIJnSX14mKTyzsR2T-yemR28ag
D'interio Furniture Koncepts,"8-2-685/1, 1/A, Road No. 12, Bhavani Nagar, Banjara Hills, Hyderabad, Telangana 500034, India",4.3,221,http://www.dinterio.com/,088855 66022,https://maps.google.com/?cid=3099343878721175116&g_mp=Cidnb29nbGUubWFwcy5wbGFjZXMudjEuUGxhY2VzLlNlYXJjaFRleHQQAhgEIAA,ChIJOQg9DNeWyzsRTP70L9YUAys
Interio by Godrej,"5/8/537/541, Abids Road, opposite Taj Mahal Hotel, Chirag Ali Lane, Abids, Hyderabad, Telangana 500001, India",4.5,1070,https://stores.interio.com/interio-by-godrej-furniture-and-mattress-store-in-abid-rd-hyderabad-abids-store-home-furniture-shop-abids-hyderabad-285053/Home?utm_source=locator&utm_medium=googleplaces,091679 90236,https://maps.google.com/?cid=15210753652127850924&g_mp=Cidnb29nbGUubWFwcy5wbGFjZXMudjEuUGxhY2VzLlNlYXJjaFRleHQQAhgEIAA,ChIJ7dzC6NeZyzsRrGEOSdtzF9M
Libra Interiors & Furnitures,"123, 1st Floor, 2-3-215, Main Road, near Shanti Nagar, opp. Bharat Petrol Bunk, Shanti Nagar, Uppal, Hyderabad, Telangana 500039, India",4.2,64,,090309 82310,https://maps.google.com/?cid=10063025350611662613&g_mp=Cidnb29nbGUubWFwcy5wbGFjZXMudjEuUGxhY2VzLlNlYXJjaFRleHQQAhgEIAA,ChIJ-4WIAs-eyzsRFXf1fD0Mp4s
Royal flooring And furnishing co,"Raj laxmi cenima, Survey Colony, IDA Uppal, Gaddi annaram, Hyderabad, Telangana 500039, India",5,31,,090000 11422,https://maps.google.com/?cid=10291378355526010617&g_mp=Cidnb29nbGUubWFwcy5wbGFjZXMudjEuUGxhY2VzLlNlYXJjaFRleHQQAhgEIAA,ChIJDXcGCYSZyzsR-YZFmhZS0o4
Ilahi furniture,"opp. Raj Bhavan Road, MS Maqta, Khairtabad, Hyderabad, Telangana 500082, India",4.6,45,,099852 25298,https://maps.google.com/?cid=10297096090615097662&g_mp=Cidnb29nbGUubWFwcy5wbGFjZXMudjEuUGxhY2VzLlNlYXJjaFRleHQQAhgEIAA,ChIJn4rOgoqXyzsRPikti1ai5o4
Interio by Godrej - Vikrampuri,"Shop No 54, Gayatri West End, Karkhana Rd, above Tata Motors, Vikrampuri Colony, Karkhana, Hyderabad, Secunderabad, Telangana 500009, India",4.7,722,https://stores.interio.com/interio-by-godrej-furniture-and-mattress-store-in-vikrampuri-hyderabad-vikrampuri-store-home-furniture-shop-vikrampuri-hyderabad-282493/Home?utm_source=locator&utm_medium=googleplaces,096195 65028,https://maps.google.com/?cid=1826681322741388058&g_mp=Cidnb29nbGUubWFwcy5wbGFjZXMudjEuUGxhY2VzLlNlYXJjaFRleHQQAhgEIAA,ChIJER01L0KayzsRGlPXH_ysWRk
Durian Furniture - Hyderabad - Kompally,"Raichandani Mall, Kompally, Petbasheerabad, Brundavan Colony, Quthbullapur, Hyderabad, Secunderabad, Telangana 500100, India",4.9,235,https://stores.durian.in/near-me/hyderabad/Kompally/durian-furniture-in-Kompally-hyderabad--1MYUaJ/home,080 6291 6649,https://maps.google.com/?cid=15592530047481303643&g_mp=Cidnb29nbGUubWFwcy5wbGFjZXMudjEuUGxhY2VzLlNlYXJjaFRleHQQAhgEIAA,ChIJQTII0Y6FyzsRW1K6JXfLY9g
Wakefit - Furniture Store in Banjara Hills,"Ground Floor, 401, Dev Dhanuka Prestige, Road No. 12, NBT Nagar, Banjara Hills, Hyderabad, Telangana 500028, India",4.7,1701,https://www.wakefit.co/furniture-store/hyderabad/Banajara-Hills?utm_source=google&utm_medium=gmb&utm_campaign=gbp-hyderabad,080 6104 4112,https://maps.google.com/?cid=10188812802946840386&g_mp=Cidnb29nbGUubWFwcy5wbGFjZXMudjEuUGxhY2VzLlNlYXJjaFRleHQQAhgEIAA,ChIJvYq4N2KXyzsRQjeZ-kLvZY0
Redstar Imported Furniture Store,"2 &3 FLOOR, PLOT NO-50 & 51, Lingampally Rd, above UCB shopping mall, beside H.P PETROL STATION, Doyens Township, Doyens Colony, Hyderabad, Serilingampalle (M), Telangana 500019, India",4.5,71,http://www.redstarfurniture.com/,096396 38999,https://maps.google.com/?cid=17692599235692565117&g_mp=Cidnb29nbGUubWFwcy5wbGFjZXMudjEuUGxhY2VzLlNlYXJjaFRleHQQAhgEIAA,ChIJs5UcoUKTyzsRfZLN9EO9iPU
Limra Sofa Manufacturer & Works,"Shop no 2, 1 63/1A, Venkateswara Colony, Vijayapuri Colony, Uppal, Hyderabad, Telangana 500039, India",,0,,,https://maps.google.com/?cid=749340057519695985&g_mp=Cidnb29nbGUubWFwcy5wbGFjZXMudjEuUGxhY2VzLlNlYXJjaFRleHQQAhgEIAA,ChIJzVCvDACZyzsRcahu6M8wZgo
Sri Sai Furnitures,"Hyderabad - Warangal - Bhopalpatnam Hwy, Vijayapuri Colony, Uppal, Hyderabad, Telangana 500039, India",,0,,093474 32079,https://maps.google.com/?cid=13531303586203233580&g_mp=Cidnb29nbGUubWFwcy5wbGFjZXMudjEuUGxhY2VzLlNlYXJjaFRleHQQAhgEIAA,ChIJ39cpPTOZyzsRLO2cc-vYyLs
Magari Hyderabad,"1091, Rd Number 41, CBI Colony, Jubilee Hills, Hyderabad, Telangana 500033, India",3.9,103,http://www.magari.in/,096069 18102,https://maps.google.com/?cid=1587475325445074595&g_mp=Cidnb29nbGUubWFwcy5wbGFjZXMudjEuUGxhY2VzLlNlYXJjaFRleHQQAhgEIAA,ChIJNagu2yuRyzsRo-7ZzmXYBxY
NEEKEDIA FURNITURE AND INTERIORS - NAMPALLY,"5-8-53 situated at fateh sultan lane, Nampally Station Rd, Karimabad Cooperative Society, Abids, Hyderabad, Telangana 500001, India",4.5,99,,,https://maps.google.com/?cid=9586363298849691620&g_mp=Cidnb29nbGUubWFwcy5wbGFjZXMudjEuUGxhY2VzLlNlYXJjaFRleHQQAhgEIAA,ChIJfV6z0F6XyzsR5BfHK6GaCYU
Sleepwell Shoppe - Sai Baba Furniture,"nearby Eagle Residency, Swaroop Nagar, Srinivasa Colony, Boduppal, Hyderabad, Telangana 500039, India",5,21,https://storesnearme.mysleepwell.com/sleepwell/mattress-stores-in-hyderabad/mattress-stores-in-boduppal/sleepwell-mattress-store-sai-baba-furniture-in-boduppal-hyderabad--50d60979-5d34-4477-87cf-c646210fb979/home,08071 629 906,https://maps.google.com/?cid=311498658305935318&g_mp=Cidnb29nbGUubWFwcy5wbGFjZXMudjEuUGxhY2VzLlNlYXJjaFRleHQQAhgEIAA,ChIJ4UFaICKfyzsR1gdWHGGqUgQ
Godrej Interio,"Sy No 5558, Bio Diversity, Plot No 112, Park Road, beside Maruthi Store, Lumbini Avenue, Gachibowli, Hyderabad, Telangana 500032, India",4,660,https://stores.godrejinterio.com/godrej-interio-furniture-store-in-gachibowli-hyderabad-v-green-furnitures-fixtures-gachibowli-home-furniture-shop-gachibowli-hyderabad-289820/Home?utm_source=locator&utm_medium=googleplaces,098193 74837,https://maps.google.com/?cid=17492577809583634203&g_mp=Cidnb29nbGUubWFwcy5wbGFjZXMudjEuUGxhY2VzLlNlYXJjaFRleHQQAhgEIAA,ChIJh_OWL06TyzsRG_ccktYewvI
Sri vaishnavi furniture,"C, Nampally Station Rd, near canara bank, Gruhkalpa, Abids South, Abids, Hyderabad, Telangana 500001, India",4.9,155,https://www.srivaishnavifurniture.com/,098859 86212,https://maps.google.com/?cid=15648384727255519390&g_mp=Cidnb29nbGUubWFwcy5wbGFjZXMudjEuUGxhY2VzLlNlYXJjaFRleHQQAhgEIAA,ChIJg7HIwLCZyzsRnpC2MAA7Ktk
Kumar Furniture,"Gandhi Lane, Hanumasai Nagar, Peerzadiguda, Hyderabad, Telangana 500039, India",5,2,,095530 06926,https://maps.google.com/?cid=17607706222554169044&g_mp=Cidnb29nbGUubWFwcy5wbGFjZXMudjEuUGxhY2VzLlNlYXJjaFRleHQQAhgEIAA,ChIJr7NJkJWfyzsR1L7GEIUjW_Q
